load,file,records,size_MB
full_load,page_0001.json,5000,1.757388
full_load,page_0002.json,5000,1.747422
full_load,page_0003.json,5000,1.757614
full_load,page_0004.json,5000,1.75225
full_load,page_0005.json,5000,1.750841
full_load,page_0006.json,5000,1.753411
full_load,page_0007.json,5000,1.755374
full_load,page_0008.json,5000,1.756741
full_load,page_0009.json,5000,1.749871
full_load,page_0010.json,5000,1.757995
full_load,page_0011.json,5000,1.748975
full_load,page_0012.json,5000,1.756979
full_load,page_0013.json,5000,1.755149
full_load,page_0014.json,5000,1.748401
full_load,page_0015.json,5000,1.753646
full_load,page_0016.json,5000,1.75223
full_load,page_0017.json,5000,1.752905
full_load,page_0018.json,5000,1.754423
full_load,page_0019.json,5000,1.747587
full_load,page_0020.json,5000,1.755363
full_load,page_0021.json,5000,1.748383
full_load,page_0022.json,5000,1.756014
full_load,page_0023.json,5000,1.756107
full_load,page_0024.json,5000,1.757049
full_load,page_0025.json,5000,1.751396
full_load,page_0026.json,5000,1.75619
full_load,page_0027.json,5000,1.753554
full_load,page_0028.json,5000,1.753007
full_load,page_0029.json,5000,1.751012
full_load,page_0030.json,5000,1.745613
full_load,page_0031.json,5000,1.743533
full_load,page_0032.json,5000,1.750196
full_load,page_0033.json,5000,1.745071
full_load,page_0034.json,5000,1.751975
full_load,page_0035.json,5000,1.746189
full_load,page_0036.json,5000,1.744904
full_load,page_0037.json,5000,1.752945
full_load,page_0038.json,5000,1.741916
full_load,page_0039.json,5000,1.752729
full_load,page_0040.json,5000,1.745606
full_load,page_0041.json,5000,1.743413
full_load,page_0042.json,5000,1.748652
full_load,page_0043.json,5000,1.748155
full_load,page_0044.json,5000,1.753606
full_load,page_0045.json,5000,1.74769
full_load,page_0046.json,5000,1.745412
full_load,page_0047.json,5000,1.744537
full_load,page_0048.json,5000,1.748221
full_load,page_0049.json,5000,1.753068
full_load,page_0050.json,5000,1.748163
full_load,page_0051.json,5000,1.744338
full_load,page_0052.json,5000,1.743762
full_load,page_0053.json,5000,1.748296
full_load,page_0054.json,5000,1.755016
full_load,page_0055.json,5000,1.743278
full_load,page_0056.json,5000,1.746991
full_load,page_0057.json,5000,1.742963
full_load,page_0058.json,5000,1.750036
full_load,page_0059.json,5000,1.751007
full_load,page_0060.json,5000,1.741359
full_load,page_0061.json,5000,1.751113
full_load,page_0062.json,5000,1.742806
full_load,page_0063.json,5000,1.751805
full_load,page_0064.json,5000,1.746411
full_load,page_0065.json,5000,1.745469
full_load,page_0066.json,5000,1.743896
full_load,page_0067.json,5000,1.746909
full_load,page_0068.json,5000,1.754592
full_load,page_0069.json,5000,1.747059
full_load,page_0070.json,5000,1.744519
full_load,page_0071.json,5000,1.743153
full_load,page_0072.json,5000,1.750238
full_load,page_0073.json,5000,1.752026
full_load,page_0074.json,5000,1.742647
full_load,page_0075.json,5000,1.748218
full_load,page_0076.json,5000,1.743097
full_load,page_0077.json,5000,1.749985
full_load,page_0078.json,5000,1.746918
full_load,page_0079.json,5000,1.743367
full_load,page_0080.json,5000,1.744613
full_load,page_0081.json,5000,1.747071
full_load,page_0082.json,5000,1.752772
full_load,page_0083.json,5000,1.747067
full_load,page_0084.json,5000,1.745786
full_load,page_0085.json,5000,1.741499
full_load,page_0086.json,5000,1.748154
full_load,page_0087.json,5000,1.754753
full_load,page_0088.json,5000,1.742414
full_load,page_0089.json,5000,1.748954
full_load,page_0090.json,5000,1.744045
full_load,page_0091.json,5000,1.752177
full_load,page_0092.json,5000,1.747332
full_load,page_0093.json,5000,1.744281
full_load,page_0094.json,5000,1.742702
full_load,page_0095.json,5000,1.747471
full_load,page_0096.json,5000,1.753765
full_load,page_0097.json,5000,1.746381
full_load,page_0098.json,5000,1.7447
full_load,page_0099.json,5000,1.740816
full_load,page_0100.json,5000,1.74633
full_load,page_0101.json,5000,1.752714
full_load,page_0102.json,5000,1.744573
full_load,page_0103.json,5000,1.744406
full_load,page_0104.json,5000,1.741614
full_load,page_0105.json,5000,1.747069
full_load,page_0106.json,5000,1.754498
full_load,page_0107.json,5000,1.745634
full_load,page_0108.json,5000,1.743619
full_load,page_0109.json,5000,1.740993
full_load,page_0110.json,5000,1.748855
full_load,page_0111.json,5000,1.752237
full_load,page_0112.json,5000,1.739438
full_load,page_0113.json,5000,1.7434
full_load,page_0114.json,5000,1.747567
full_load,page_0115.json,5000,1.756221
full_load,page_0116.json,5000,1.742947
full_load,page_0117.json,5000,1.74981
full_load,page_0118.json,5000,1.744556
full_load,page_0119.json,5000,1.751654
full_load,page_0120.json,5000,1.74931
full_load,page_0121.json,5000,1.749648
full_load,page_0122.json,5000,1.745971
full_load,page_0123.json,5000,1.75542
full_load,page_0124.json,5000,1.747767
full_load,page_0125.json,5000,1.751087
full_load,page_0126.json,5000,1.743491
full_load,page_0127.json,5000,1.759447
full_load,page_0128.json,5000,1.743665
full_load,page_0129.json,5000,1.746803
full_load,page_0130.json,5000,1.748518
full_load,page_0131.json,5000,1.758446
full_load,page_0132.json,5000,1.742237
full_load,page_0133.json,5000,1.750322
full_load,page_0134.json,5000,1.743465
full_load,page_0135.json,5000,1.75446
full_load,page_0136.json,752,0.258825
incremental_load,page_0001.json,2820,0.986872
